topology,seed,network_seed,beta,steps,strategy,patch_budget,isolation_probability,device_model,final_infected_fraction,peak_infected_fraction,active_device_fraction,largest_component_fraction_active,largest_component_fraction_total,component_count,isolated_devices
Random,100,271914307,0.1,20,no_containment,,,heterogeneous,0.85,0.85,1.0,0.995,0.995,2,0
Random,100,271914307,0.1,20,random_patching,0.1,,heterogeneous,0.815,0.815,1.0,0.995,0.995,2,0
Random,100,271914307,0.1,20,targeted_patching,0.1,,heterogeneous,0.125,0.125,1.0,0.995,0.995,2,0
Random,100,271914307,0.1,20,random_patching,0.2,,heterogeneous,0.435,0.435,1.0,0.995,0.995,2,0
Random,100,271914307,0.1,20,targeted_patching,0.2,,heterogeneous,0.425,0.425,1.0,0.995,0.995,2,0
Random,100,271914307,0.1,20,local_isolation,,0.2,heterogeneous,0.27,0.27,0.47,0.776595744680851,0.365,15,106
Random,100,271914307,0.1,20,local_isolation,,0.4,heterogeneous,0.005,0.005,0.99,0.98989898989899,0.98,3,2
Random,100,271914307,0.2,20,no_containment,,,heterogeneous,0.98,0.98,1.0,0.995,0.995,2,0
Random,100,271914307,0.2,20,random_patching,0.1,,heterogeneous,0.885,0.885,1.0,0.995,0.995,2,0
Random,100,271914307,0.2,20,targeted_patching,0.1,,heterogeneous,0.86,0.86,1.0,0.995,0.995,2,0
Random,100,271914307,0.2,20,random_patching,0.2,,heterogeneous,0.775,0.775,1.0,0.995,0.995,2,0
Random,100,271914307,0.2,20,targeted_patching,0.2,,heterogeneous,0.695,0.695,1.0,0.995,0.995,2,0
Random,100,271914307,0.2,20,local_isolation,,0.2,heterogeneous,0.505,0.505,0.555,0.9099099099099099,0.505,10,89
Random,100,271914307,0.2,20,local_isolation,,0.4,heterogeneous,0.215,0.215,0.56,0.8660714285714286,0.485,15,88
Random,101,4137311287,0.1,20,no_containment,,,heterogeneous,0.605,0.605,1.0,1.0,1.0,1,0
Random,101,4137311287,0.1,20,random_patching,0.1,,heterogeneous,0.42,0.42,1.0,1.0,1.0,1,0
Random,101,4137311287,0.1,20,targeted_patching,0.1,,heterogeneous,0.415,0.415,1.0,1.0,1.0,1,0
Random,101,4137311287,0.1,20,random_patching,0.2,,heterogeneous,0.415,0.415,1.0,1.0,1.0,1,0
Random,101,4137311287,0.1,20,targeted_patching,0.2,,heterogeneous,0.2,0.2,1.0,1.0,1.0,1,0
Random,101,4137311287,0.1,20,local_isolation,,0.2,heterogeneous,0.135,0.135,0.76,0.9736842105263158,0.74,5,48
Random,101,4137311287,0.1,20,local_isolation,,0.4,heterogeneous,0.005,0.005,0.99,0.9949494949494949,0.985,2,2
Random,101,4137311287,0.2,20,no_containment,,,heterogeneous,0.99,0.99,1.0,1.0,1.0,1,0
Random,101,4137311287,0.2,20,random_patching,0.1,,heterogeneous,0.875,0.875,1.0,1.0,1.0,1,0
Random,101,4137311287,0.2,20,targeted_patching,0.1,,heterogeneous,0.865,0.865,1.0,1.0,1.0,1,0
Random,101,4137311287,0.2,20,random_patching,0.2,,heterogeneous,0.775,0.775,1.0,1.0,1.0,1,0
Random,101,4137311287,0.2,20,targeted_patching,0.2,,heterogeneous,0.71,0.71,1.0,1.0,1.0,1,0
Random,101,4137311287,0.2,20,local_isolation,,0.2,heterogeneous,0.47,0.47,0.575,0.8173913043478261,0.47,15,85
Random,101,4137311287,0.2,20,local_isolation,,0.4,heterogeneous,0.355,0.355,0.505,0.7029702970297029,0.355,18,99
Random,102,905790052,0.1,20,no_containment,,,heterogeneous,0.94,0.94,1.0,1.0,1.0,1,0
Random,102,905790052,0.1,20,random_patching,0.1,,heterogeneous,0.8,0.8,1.0,1.0,1.0,1,0
Random,102,905790052,0.1,20,targeted_patching,0.1,,heterogeneous,0.575,0.575,1.0,1.0,1.0,1,0
Random,102,905790052,0.1,20,random_patching,0.2,,heterogeneous,0.625,0.625,1.0,1.0,1.0,1,0
Random,102,905790052,0.1,20,targeted_patching,0.2,,heterogeneous,0.41,0.41,1.0,1.0,1.0,1,0
Random,102,905790052,0.1,20,local_isolation,,0.2,heterogeneous,0.135,0.135,0.62,0.9838709677419355,0.61,3,76
Random,102,905790052,0.1,20,local_isolation,,0.4,heterogeneous,0.09,0.09,0.68,0.9779411764705882,0.665,4,64
Random,102,905790052,0.2,20,no_containment,,,heterogeneous,0.99,0.99,1.0,1.0,1.0,1,0
Random,102,905790052,0.2,20,random_patching,0.1,,heterogeneous,0.885,0.885,1.0,1.0,1.0,1,0
Random,102,905790052,0.2,20,targeted_patching,0.1,,heterogeneous,0.89,0.89,1.0,1.0,1.0,1,0
Random,102,905790052,0.2,20,random_patching,0.2,,heterogeneous,0.78,0.78,1.0,1.0,1.0,1,0
Random,102,905790052,0.2,20,targeted_patching,0.2,,heterogeneous,0.72,0.72,1.0,1.0,1.0,1,0
Random,102,905790052,0.2,20,local_isolation,,0.2,heterogeneous,0.49,0.49,0.54,0.9444444444444444,0.51,7,92
Random,102,905790052,0.2,20,local_isolation,,0.4,heterogeneous,0.005,0.005,0.985,0.9949238578680203,0.98,2,3
Small-World,100,3031574521,0.1,20,no_containment,,,heterogeneous,0.455,0.455,1.0,1.0,1.0,1,0
Small-World,100,3031574521,0.1,20,random_patching,0.1,,heterogeneous,0.31,0.31,1.0,1.0,1.0,1,0
Small-World,100,3031574521,0.1,20,targeted_patching,0.1,,heterogeneous,0.45,0.45,1.0,1.0,1.0,1,0
Small-World,100,3031574521,0.1,20,random_patching,0.2,,heterogeneous,0.405,0.405,1.0,1.0,1.0,1,0
Small-World,100,3031574521,0.1,20,targeted_patching,0.2,,heterogeneous,0.19,0.19,1.0,1.0,1.0,1,0
Small-World,100,3031574521,0.1,20,local_isolation,,0.2,heterogeneous,0.025,0.025,0.96,0.9739583333333334,0.935,2,8
Small-World,100,3031574521,0.1,20,local_isolation,,0.4,heterogeneous,0.025,0.025,0.93,1.0,0.93,1,14
Small-World,100,3031574521,0.2,20,no_containment,,,heterogeneous,1.0,1.0,1.0,1.0,1.0,1,0
Small-World,100,3031574521,0.2,20,random_patching,0.1,,heterogeneous,0.88,0.88,1.0,1.0,1.0,1,0
Small-World,100,3031574521,0.2,20,targeted_patching,0.1,,heterogeneous,0.85,0.85,1.0,1.0,1.0,1,0
Small-World,100,3031574521,0.2,20,random_patching,0.2,,heterogeneous,0.725,0.725,1.0,1.0,1.0,1,0
Small-World,100,3031574521,0.2,20,targeted_patching,0.2,,heterogeneous,0.1,0.1,1.0,1.0,1.0,1,0
Small-World,100,3031574521,0.2,20,local_isolation,,0.2,heterogeneous,0.435,0.435,0.66,1.0,0.66,1,68
Small-World,100,3031574521,0.2,20,local_isolation,,0.4,heterogeneous,0.03,0.03,0.9,0.9666666666666667,0.87,2,20
Small-World,101,2262291482,0.1,20,no_containment,,,heterogeneous,0.32,0.32,1.0,1.0,1.0,1,0
Small-World,101,2262291482,0.1,20,random_patching,0.1,,heterogeneous,0.25,0.25,1.0,1.0,1.0,1,0
Small-World,101,2262291482,0.1,20,targeted_patching,0.1,,heterogeneous,0.42,0.42,1.0,1.0,1.0,1,0
Small-World,101,2262291482,0.1,20,random_patching,0.2,,heterogeneous,0.085,0.085,1.0,1.0,1.0,1,0
Small-World,101,2262291482,0.1,20,targeted_patching,0.2,,heterogeneous,0.05,0.05,1.0,1.0,1.0,1,0
Small-World,101,2262291482,0.1,20,local_isolation,,0.2,heterogeneous,0.01,0.01,0.975,0.9897435897435898,0.965,2,5
Small-World,101,2262291482,0.1,20,local_isolation,,0.4,heterogeneous,0.03,0.03,0.92,0.967391304347826,0.89,2,16
Small-World,101,2262291482,0.2,20,no_containment,,,heterogeneous,0.94,0.94,1.0,1.0,1.0,1,0
Small-World,101,2262291482,0.2,20,random_patching,0.1,,heterogeneous,0.855,0.855,1.0,1.0,1.0,1,0
Small-World,101,2262291482,0.2,20,targeted_patching,0.1,,heterogeneous,0.765,0.765,1.0,1.0,1.0,1,0
Small-World,101,2262291482,0.2,20,random_patching,0.2,,heterogeneous,0.68,0.68,1.0,1.0,1.0,1,0
Small-World,101,2262291482,0.2,20,targeted_patching,0.2,,heterogeneous,0.25,0.25,1.0,1.0,1.0,1,0
Small-World,101,2262291482,0.2,20,local_isolation,,0.2,heterogeneous,0.045,0.045,0.93,0.9516129032258065,0.885,2,14
Small-World,101,2262291482,0.2,20,local_isolation,,0.4,heterogeneous,0.005,0.005,0.97,0.9948453608247423,0.965,2,6
Small-World,102,1222383955,0.1,20,no_containment,,,heterogeneous,0.29,0.29,1.0,1.0,1.0,1,0
Small-World,102,1222383955,0.1,20,random_patching,0.1,,heterogeneous,0.27,0.27,1.0,1.0,1.0,1,0
Small-World,102,1222383955,0.1,20,targeted_patching,0.1,,heterogeneous,0.175,0.175,1.0,1.0,1.0,1,0
Small-World,102,1222383955,0.1,20,random_patching,0.2,,heterogeneous,0.06,0.06,1.0,1.0,1.0,1,0
Small-World,102,1222383955,0.1,20,targeted_patching,0.2,,heterogeneous,0.08,0.08,1.0,1.0,1.0,1,0
Small-World,102,1222383955,0.1,20,local_isolation,,0.2,heterogeneous,0.2,0.2,0.805,1.0,0.805,1,39
Small-World,102,1222383955,0.1,20,local_isolation,,0.4,heterogeneous,0.01,0.01,0.97,0.9896907216494846,0.96,2,6
Small-World,102,1222383955,0.2,20,no_containment,,,heterogeneous,0.905,0.905,1.0,1.0,1.0,1,0
Small-World,102,1222383955,0.2,20,random_patching,0.1,,heterogeneous,0.765,0.765,1.0,1.0,1.0,1,0
Small-World,102,1222383955,0.2,20,targeted_patching,0.1,,heterogeneous,0.6,0.6,1.0,1.0,1.0,1,0
Small-World,102,1222383955,0.2,20,random_patching,0.2,,heterogeneous,0.68,0.68,1.0,1.0,1.0,1,0
Small-World,102,1222383955,0.2,20,targeted_patching,0.2,,heterogeneous,0.045,0.045,1.0,1.0,1.0,1,0
Small-World,102,1222383955,0.2,20,local_isolation,,0.2,heterogeneous,0.04,0.04,0.945,0.9576719576719577,0.905,2,11
Small-World,102,1222383955,0.2,20,local_isolation,,0.4,heterogeneous,0.035,0.035,0.94,0.9627659574468085,0.905,2,12
Scale-Free,100,251373304,0.1,20,no_containment,,,heterogeneous,0.875,0.875,1.0,1.0,1.0,1,0
Scale-Free,100,251373304,0.1,20,random_patching,0.1,,heterogeneous,0.845,0.845,1.0,1.0,1.0,1,0
Scale-Free,100,251373304,0.1,20,targeted_patching,0.1,,heterogeneous,0.05,0.05,1.0,1.0,1.0,1,0
Scale-Free,100,251373304,0.1,20,random_patching,0.2,,heterogeneous,0.525,0.525,1.0,1.0,1.0,1,0
Scale-Free,100,251373304,0.1,20,targeted_patching,0.2,,heterogeneous,0.015,0.015,1.0,1.0,1.0,1,0
Scale-Free,100,251373304,0.1,20,local_isolation,,0.2,heterogeneous,0.225,0.225,0.525,0.44761904761904764,0.235,32,95
Scale-Free,100,251373304,0.1,20,local_isolation,,0.4,heterogeneous,0.115,0.115,0.615,0.8943089430894309,0.55,13,77
Scale-Free,100,251373304,0.2,20,no_containment,,,heterogeneous,1.0,1.0,1.0,1.0,1.0,1,0
Scale-Free,100,251373304,0.2,20,random_patching,0.1,,heterogeneous,0.9,0.9,1.0,1.0,1.0,1,0
Scale-Free,100,251373304,0.2,20,targeted_patching,0.1,,heterogeneous,0.01,0.01,1.0,1.0,1.0,1,0
Scale-Free,100,251373304,0.2,20,random_patching,0.2,,heterogeneous,0.78,0.78,1.0,1.0,1.0,1,0
Scale-Free,100,251373304,0.2,20,targeted_patching,0.2,,heterogeneous,0.18,0.18,1.0,1.0,1.0,1,0
Scale-Free,100,251373304,0.2,20,local_isolation,,0.2,heterogeneous,0.36,0.36,0.52,0.7115384615384616,0.37,26,96
Scale-Free,100,251373304,0.2,20,local_isolation,,0.4,heterogeneous,0.165,0.165,0.575,0.7304347826086957,0.42,24,85
Scale-Free,101,401559344,0.1,20,no_containment,,,heterogeneous,0.985,0.985,1.0,1.0,1.0,1,0
Scale-Free,101,401559344,0.1,20,random_patching,0.1,,heterogeneous,0.785,0.785,1.0,1.0,1.0,1,0
Scale-Free,101,401559344,0.1,20,targeted_patching,0.1,,heterogeneous,0.005,0.005,1.0,1.0,1.0,1,0
Scale-Free,101,401559344,0.1,20,random_patching,0.2,,heterogeneous,0.67,0.67,1.0,1.0,1.0,1,0
Scale-Free,101,401559344,0.1,20,targeted_patching,0.2,,heterogeneous,0.005,0.005,1.0,1.0,1.0,1,0
Scale-Free,101,401559344,0.1,20,local_isolation,,0.2,heterogeneous,0.3,0.3,0.435,0.8390804597701149,0.365,15,113
Scale-Free,101,401559344,0.1,20,local_isolation,,0.4,heterogeneous,0.005,0.005,0.985,0.9949238578680203,0.98,2,3
Scale-Free,101,401559344,0.2,20,no_containment,,,heterogeneous,1.0,1.0,1.0,1.0,1.0,1,0
Scale-Free,101,401559344,0.2,20,random_patching,0.1,,heterogeneous,0.9,0.9,1.0,1.0,1.0,1,0
Scale-Free,101,401559344,0.2,20,targeted_patching,0.1,,heterogeneous,0.005,0.005,1.0,1.0,1.0,1,0
Scale-Free,101,401559344,0.2,20,random_patching,0.2,,heterogeneous,0.79,0.79,1.0,1.0,1.0,1,0
Scale-Free,101,401559344,0.2,20,targeted_patching,0.2,,heterogeneous,0.085,0.085,1.0,1.0,1.0,1,0
Scale-Free,101,401559344,0.2,20,local_isolation,,0.2,heterogeneous,0.44,0.44,0.5,0.88,0.44,12,100
Scale-Free,101,401559344,0.2,20,local_isolation,,0.4,heterogeneous,0.005,0.005,0.97,0.9948453608247423,0.965,2,6
Scale-Free,102,494191045,0.1,20,no_containment,,,heterogeneous,0.905,0.905,1.0,1.0,1.0,1,0
Scale-Free,102,494191045,0.1,20,random_patching,0.1,,heterogeneous,0.57,0.57,1.0,1.0,1.0,1,0
Scale-Free,102,494191045,0.1,20,targeted_patching,0.1,,heterogeneous,0.38,0.38,1.0,1.0,1.0,1,0
Scale-Free,102,494191045,0.1,20,random_patching,0.2,,heterogeneous,0.545,0.545,1.0,1.0,1.0,1,0
Scale-Free,102,494191045,0.1,20,targeted_patching,0.2,,heterogeneous,0.06,0.06,1.0,1.0,1.0,1,0
Scale-Free,102,494191045,0.1,20,local_isolation,,0.2,heterogeneous,0.265,0.265,0.5,0.8,0.4,15,100
Scale-Free,102,494191045,0.1,20,local_isolation,,0.4,heterogeneous,0.01,0.01,0.97,0.9896907216494846,0.96,2,6
Scale-Free,102,494191045,0.2,20,no_containment,,,heterogeneous,1.0,1.0,1.0,1.0,1.0,1,0
Scale-Free,102,494191045,0.2,20,random_patching,0.1,,heterogeneous,0.885,0.885,1.0,1.0,1.0,1,0
Scale-Free,102,494191045,0.2,20,targeted_patching,0.1,,heterogeneous,0.67,0.67,1.0,1.0,1.0,1,0
Scale-Free,102,494191045,0.2,20,random_patching,0.2,,heterogeneous,0.745,0.745,1.0,1.0,1.0,1,0
Scale-Free,102,494191045,0.2,20,targeted_patching,0.2,,heterogeneous,0.015,0.015,1.0,1.0,1.0,1,0
Scale-Free,102,494191045,0.2,20,local_isolation,,0.2,heterogeneous,0.47,0.47,0.525,0.8952380952380953,0.47,12,95
Scale-Free,102,494191045,0.2,20,local_isolation,,0.4,heterogeneous,0.12,0.12,0.65,0.5923076923076923,0.385,23,70
