topology,beta,strategy,patch_budget,isolation_probability,device_model,final_infected_fraction_mean,final_infected_fraction_std,final_infected_fraction_count,peak_infected_fraction_mean,peak_infected_fraction_std,peak_infected_fraction_count,active_device_fraction_mean,active_device_fraction_std,active_device_fraction_count,largest_component_fraction_active_mean,largest_component_fraction_active_std,largest_component_fraction_active_count,largest_component_fraction_total_mean,largest_component_fraction_total_std,largest_component_fraction_total_count,component_count_mean,component_count_std,component_count_count,final_infected_fraction_ci95,peak_infected_fraction_ci95,active_device_fraction_ci95,largest_component_fraction_active_ci95,largest_component_fraction_total_ci95,component_count_ci95
Random,0.1,local_isolation,,0.2,heterogeneous,0.18000000000000002,0.07794228634059948,3,0.18000000000000002,0.07794228634059948,3,0.6166666666666667,0.14502873278538062,3,0.9113836409830341,0.11684081156778457,3,0.5716666666666667,0.19041621079449442,3,7.666666666666667,6.429100507328636,3,0.08820000000000001,0.08820000000000001,0.16411546071118482,0.13221782506154975,0.21547622709812894,7.275212100764562
Random,0.1,local_isolation,,0.4,heterogeneous,0.03333333333333333,0.04907477288111819,3,0.03333333333333333,0.04907477288111819,3,0.8866666666666667,0.17897858344878398,3,0.9875965537730244,0.008734794414042811,3,0.8766666666666666,0.1833257574192271,3,3.0,1.0,3,0.05553333333333334,0.05553333333333334,0.20253333333333332,0.009884350376276767,0.2074526237749503,1.1316065276116667
Random,0.1,no_containment,,,heterogeneous,0.7983333333333333,0.17337339280677797,3,0.7983333333333333,0.17337339280677797,3,1.0,0.0,3,0.9983333333333334,0.0028867513459480834,3,0.9983333333333334,0.0028867513459480834,3,1.3333333333333333,0.5773502691896257,3,0.19619046301433152,0.19619046301433152,0.0,0.0032666666666666152,0.0032666666666666152,0.6533333333333333
Random,0.1,random_patching,0.1,,heterogeneous,0.6783333333333333,0.22384890737578625,3,0.6783333333333333,0.22384890737578625,3,1.0,0.0,3,0.9983333333333334,0.0028867513459480834,3,0.9983333333333334,0.0028867513459480834,3,1.3333333333333333,0.5773502691896257,3,0.25330888478517904,0.25330888478517904,0.0,0.0032666666666666152,0.0032666666666666152,0.6533333333333333
Random,0.1,random_patching,0.2,,heterogeneous,0.4916666666666667,0.11590225767142474,3,0.4916666666666667,0.11590225767142474,3,1.0,0.0,3,0.9983333333333334,0.0028867513459480834,3,0.9983333333333334,0.0028867513459480834,3,1.3333333333333333,0.5773502691896257,3,0.1311557513459136,0.1311557513459136,0.0,0.0032666666666666152,0.0032666666666666152,0.6533333333333333
Random,0.1,targeted_patching,0.1,,heterogeneous,0.37166666666666665,0.22810816147900828,3,0.37166666666666665,0.22810816147900828,3,1.0,0.0,3,0.9983333333333334,0.0028867513459480834,3,0.9983333333333334,0.0028867513459480834,3,1.3333333333333333,0.5773502691896257,3,0.25812868453114185,0.25812868453114185,0.0,0.0032666666666666152,0.0032666666666666152,0.6533333333333333
Random,0.1,targeted_patching,0.2,,heterogeneous,0.345,0.12579745625409122,3,0.345,0.12579745625409122,3,1.0,0.0,3,0.9983333333333334,0.0028867513459480834,3,0.9983333333333334,0.0028867513459480834,3,1.3333333333333333,0.5773502691896257,3,0.14235322265407271,0.14235322265407271,0.0,0.0032666666666666152,0.0032666666666666152,0.6533333333333333
Random,0.2,local_isolation,,0.2,heterogeneous,0.4883333333333333,0.017559422921421246,3,0.4883333333333333,0.017559422921421246,3,0.5566666666666666,0.017559422921421177,3,0.8905818862340601,0.06569478271912758,3,0.49499999999999994,0.021794494717703387,3,10.666666666666666,4.041451884327381,3,0.019870357598974202,0.019870357598974202,0.019870357598974122,0.07434064495499489,0.02466279248855114,4.573333333333333
Random,0.2,local_isolation,,0.4,heterogeneous,0.19166666666666665,0.17616280348965083,3,0.19166666666666665,0.17616280348965083,3,0.6833333333333332,0.2626943724812797,3,0.8546551944897173,0.1463112033372687,3,0.6066666666666666,0.329785283682176,3,11.666666666666666,8.504900548115383,3,0.19934697835126017,0.19934697835126017,0.2972666666666666,0.16556671275917112,0.3731871797250156,9.624200976935409
Random,0.2,no_containment,,,heterogeneous,0.9866666666666667,0.0057735026918962545,3,0.9866666666666667,0.0057735026918962545,3,1.0,0.0,3,0.9983333333333334,0.0028867513459480834,3,0.9983333333333334,0.0028867513459480834,3,1.3333333333333333,0.5773502691896257,3,0.00653333333333333,0.00653333333333333,0.0,0.0032666666666666152,0.0032666666666666152,0.6533333333333333
Random,0.2,random_patching,0.1,,heterogeneous,0.8816666666666667,0.0057735026918962545,3,0.8816666666666667,0.0057735026918962545,3,1.0,0.0,3,0.9983333333333334,0.0028867513459480834,3,0.9983333333333334,0.0028867513459480834,3,1.3333333333333333,0.5773502691896257,3,0.00653333333333333,0.00653333333333333,0.0,0.0032666666666666152,0.0032666666666666152,0.6533333333333333
Random,0.2,random_patching,0.2,,heterogeneous,0.7766666666666667,0.0028867513459481155,3,0.7766666666666667,0.0028867513459481155,3,1.0,0.0,3,0.9983333333333334,0.0028867513459480834,3,0.9983333333333334,0.0028867513459480834,3,1.3333333333333333,0.5773502691896257,3,0.003266666666666652,0.003266666666666652,0.0,0.0032666666666666152,0.0032666666666666152,0.6533333333333333
Random,0.2,targeted_patching,0.1,,heterogeneous,0.8716666666666667,0.01607275126832157,3,0.8716666666666667,0.01607275126832157,3,1.0,0.0,3,0.9983333333333334,0.0028867513459480834,3,0.9983333333333334,0.0028867513459480834,3,1.3333333333333333,0.5773502691896257,3,0.01818803025191138,0.01818803025191138,0.0,0.0032666666666666152,0.0032666666666666152,0.6533333333333333
Random,0.2,targeted_patching,0.2,,heterogeneous,0.7083333333333334,0.01258305739211797,3,0.7083333333333334,0.01258305739211797,3,1.0,0.0,3,0.9983333333333334,0.0028867513459480834,3,0.9983333333333334,0.0028867513459480834,3,1.3333333333333333,0.5773502691896257,3,0.014239069882232927,0.014239069882232927,0.0,0.0032666666666666152,0.0032666666666666152,0.6533333333333333
Scale-Free,0.1,local_isolation,,0.2,heterogeneous,0.26333333333333336,0.037527767497325656,3,0.26333333333333336,0.037527767497325656,3,0.48666666666666664,0.04645786621588785,3,0.6955665024630542,0.21561603803213805,3,0.3333333333333333,0.08693867570496652,3,20.666666666666668,9.814954576223638,3,0.042466666666666646,0.042466666666666646,0.052572024668808205,0.24399251609493278,0.09838037292965392,11.106666666666667
Scale-Free,0.1,local_isolation,,0.4,heterogeneous,0.043333333333333335,0.06211548384528075,3,0.043333333333333335,0.06211548384528075,3,0.8566666666666666,0.20942381271797464,3,0.959641174202312,0.056639842384231684,3,0.8300000000000001,0.2426932219902319,3,5.666666666666667,6.3508529610858835,3,0.07029028698507672,0.07029028698507672,0.23698535350898325,0.06409401536489251,0.2746332342112537,7.186666666666667
Scale-Free,0.1,no_containment,,,heterogeneous,0.9216666666666667,0.056862407030773277,3,0.9216666666666667,0.056862407030773277,3,1.0,0.0,3,1.0,0.0,3,1.0,0.0,3,1.0,0.0,3,0.06434587097173455,0.06434587097173455,0.0,0.0,0.0,0.0
Scale-Free,0.1,random_patching,0.1,,heterogeneous,0.7333333333333334,0.14459714151162648,3,0.7333333333333334,0.14459714151162648,3,1.0,0.0,3,1.0,0.0,3,1.0,0.0,3,1.0,0.0,3,0.16362706920854442,0.16362706920854442,0.0,0.0,0.0,0.0
Scale-Free,0.1,random_patching,0.2,,heterogeneous,0.5800000000000001,0.07858116822750856,3,0.5800000000000001,0.07858116822750856,3,1.0,0.0,3,1.0,0.0,3,1.0,0.0,3,1.0,0.0,3,0.08892296291359918,0.08892296291359918,0.0,0.0,0.0,0.0
Scale-Free,0.1,targeted_patching,0.1,,heterogeneous,0.145,0.2047559522944327,3,0.145,0.2047559522944327,3,1.0,0.0,3,1.0,0.0,3,1.0,0.0,3,1.0,0.0,3,0.23170317218372302,0.23170317218372302,0.0,0.0,0.0,0.0
Scale-Free,0.1,targeted_patching,0.2,,heterogeneous,0.02666666666666667,0.029297326385411576,3,0.02666666666666667,0.029297326385411576,3,1.0,0.0,3,1.0,0.0,3,1.0,0.0,3,1.0,0.0,3,0.03315304577930125,0.03315304577930125,0.0,0.0,0.0,0.0
Scale-Free,0.2,local_isolation,,0.2,heterogeneous,0.42333333333333334,0.05686240703077325,3,0.42333333333333334,0.05686240703077325,3,0.515,0.013228756555322966,3,0.8289255189255189,0.10194528345203394,3,0.4266666666666667,0.051316014394468805,3,16.666666666666668,8.082903768654761,3,0.06434587097173454,0.06434587097173454,0.014969747270189092,0.11536194821354322,0.05806953685979514,9.146666666666667
Scale-Free,0.2,local_isolation,,0.4,heterogeneous,0.09666666666666668,0.08251262529657709,3,0.09666666666666668,0.08251262529657709,3,0.7316666666666666,0.20978163249754098,3,0.7725292785803767,0.20454364714436382,3,0.59,0.3252306873589883,3,16.333333333333332,12.42309676905615,3,0.09337182539598216,0.09337182539598216,0.23739026470724908,0.23146292629005952,0.3680331687950603,14.058057397015343
Scale-Free,0.2,no_containment,,,heterogeneous,1.0,0.0,3,1.0,0.0,3,1.0,0.0,3,1.0,0.0,3,1.0,0.0,3,1.0,0.0,3,0.0,0.0,0.0,0.0,0.0,0.0
Scale-Free,0.2,random_patching,0.1,,heterogeneous,0.895,0.008660254037844393,3,0.895,0.008660254037844393,3,1.0,0.0,3,1.0,0.0,3,1.0,0.0,3,1.0,0.0,3,0.009800000000000008,0.009800000000000008,0.0,0.0,0.0,0.0
Scale-Free,0.2,random_patching,0.2,,heterogeneous,0.7716666666666666,0.023629078131263078,3,0.7716666666666666,0.023629078131263078,3,1.0,0.0,3,1.0,0.0,3,1.0,0.0,3,1.0,0.0,3,0.026738819054783376,0.026738819054783376,0.0,0.0,0.0,0.0
Scale-Free,0.2,targeted_patching,0.1,,heterogeneous,0.22833333333333336,0.38250272330185225,3,0.22833333333333336,0.38250272330185225,3,1.0,0.0,3,1.0,0.0,3,1.0,0.0,3,1.0,0.0,3,0.4328425785176151,0.4328425785176151,0.0,0.0,0.0,0.0
Scale-Free,0.2,targeted_patching,0.2,,heterogeneous,0.09333333333333334,0.0828150549920323,3,0.09333333333333334,0.0828150549920323,3,1.0,0.0,3,1.0,0.0,3,1.0,0.0,3,1.0,0.0,3,0.0937140568135029,0.0937140568135029,0.0,0.0,0.0,0.0
Small-World,0.1,local_isolation,,0.2,heterogeneous,0.07833333333333334,0.1056330125166055,3,0.07833333333333334,0.1056330125166055,3,0.9133333333333334,0.09411871935663664,3,0.9879006410256411,0.013118286689853374,3,0.9016666666666667,0.08504900548115375,3,1.6666666666666667,0.5773502691896258,3,0.11953500649507567,0.11953500649507567,0.10650535719442053,0.01484473884931932,0.096242009769354,0.6533333333333334
Small-World,0.1,local_isolation,,0.4,heterogeneous,0.021666666666666667,0.010408329997330663,3,0.021666666666666667,0.010408329997330663,3,0.9400000000000001,0.026457513110645852,3,0.9856940086657703,0.016667694622822644,3,0.9266666666666667,0.03511884584284246,3,1.6666666666666667,0.5773502691896257,3,0.0117781341665157,0.0117781341665157,0.029939494540378097,0.018861272035423978,0.03974071519794836,0.6533333333333333
Small-World,0.1,no_containment,,,heterogeneous,0.355,0.08789197915623474,3,0.355,0.08789197915623474,3,1.0,0.0,3,1.0,0.0,3,1.0,0.0,3,1.0,0.0,3,0.09945913733790378,0.09945913733790378,0.0,0.0,0.0,0.0
Small-World,0.1,random_patching,0.1,,heterogeneous,0.27666666666666667,0.030550504633038947,3,0.27666666666666667,0.030550504633038947,3,1.0,0.0,3,1.0,0.0,3,1.0,0.0,3,1.0,0.0,3,0.03457115046457734,0.03457115046457734,0.0,0.0,0.0,0.0
Small-World,0.1,random_patching,0.2,,heterogeneous,0.18333333333333335,0.19237550086571145,3,0.18333333333333335,0.19237550086571145,3,1.0,0.0,3,1.0,0.0,3,1.0,0.0,3,1.0,0.0,3,0.2176933725322029,0.2176933725322029,0.0,0.0,0.0,0.0
Small-World,0.1,targeted_patching,0.1,,heterogeneous,0.34833333333333333,0.150858653491715,3,0.34833333333333333,0.150858653491715,3,1.0,0.0,3,1.0,0.0,3,1.0,0.0,3,1.0,0.0,3,0.17071263703793124,0.17071263703793124,0.0,0.0,0.0,0.0
Small-World,0.1,targeted_patching,0.2,,heterogeneous,0.10666666666666667,0.07371114795831993,3,0.10666666666666667,0.07371114795831993,3,1.0,0.0,3,1.0,0.0,3,1.0,0.0,3,1.0,0.0,3,0.0834120161873842,0.0834120161873842,0.0,0.0,0.0,0.0
Small-World,0.2,local_isolation,,0.2,heterogeneous,0.17333333333333334,0.22662377045079216,3,0.17333333333333334,0.22662377045079216,3,0.8450000000000001,0.16039014932345438,3,0.9697616202992547,0.026361861474300124,3,0.8166666666666668,0.13604533558095017,3,1.6666666666666667,0.5773502691896257,3,0.2564489379540843,0.2564489379540843,0.1814985399390309,0.029831254524312532,0.15394978979452292,0.6533333333333333
Small-World,0.2,local_isolation,,0.4,heterogeneous,0.023333333333333334,0.01607275126832159,3,0.023333333333333334,0.01607275126832159,3,0.9366666666666666,0.0351188458428424,3,0.974759328312739,0.017504011244837754,3,0.9133333333333334,0.048045117684665226,3,2.0,0.0,3,0.018188030251911402,0.018188030251911402,0.0397407151979483,0.019807653384046414,0.05436816879183789,0.0
Small-World,0.2,no_containment,,,heterogeneous,0.9483333333333333,0.04804511768466525,3,0.9483333333333333,0.04804511768466525,3,1.0,0.0,3,1.0,0.0,3,1.0,0.0,3,1.0,0.0,3,0.054368168791837916,0.054368168791837916,0.0,0.0,0.0,0.0
Small-World,0.2,random_patching,0.1,,heterogeneous,0.8333333333333334,0.060484157705413454,3,0.8333333333333334,0.060484157705413454,3,1.0,0.0,3,1.0,0.0,3,1.0,0.0,3,1.0,0.0,3,0.06844426767653934,0.06844426767653934,0.0,0.0,0.0,0.0
Small-World,0.2,random_patching,0.2,,heterogeneous,0.695,0.02598076211353313,3,0.695,0.02598076211353313,3,1.0,0.0,3,1.0,0.0,3,1.0,0.0,3,1.0,0.0,3,0.029399999999999964,0.029399999999999964,0.0,0.0,0.0,0.0
Small-World,0.2,targeted_patching,0.1,,heterogeneous,0.7383333333333333,0.1271154331044556,3,0.7383333333333333,0.1271154331044556,3,1.0,0.0,3,1.0,0.0,3,1.0,0.0,3,1.0,0.0,3,0.14384465386118608,0.14384465386118608,0.0,0.0,0.0,0.0
Small-World,0.2,targeted_patching,0.2,,heterogeneous,0.13166666666666668,0.10610529361598003,3,0.13166666666666668,0.10610529361598003,3,1.0,0.0,3,1.0,0.0,3,1.0,0.0,3,1.0,0.0,3,0.1200694428699955,0.1200694428699955,0.0,0.0,0.0,0.0
